{
  "metrics": {
    "accuracy": 1.0,
    "precision": 1.0,
    "recall": 1.0,
    "f1": 1.0,
    "roc_auc": 1.0
  },
  "grid": {
    "report": {
      "0": {
        "precision": 0.9988249118683902,
        "recall": 1.0,
        "f1-score": 0.9994121105232217,
        "support": 850.0
      },
      "1": {
        "precision": 1.0,
        "recall": 0.9933333333333333,
        "f1-score": 0.9966555183946488,
        "support": 150.0
      },
      "accuracy": 0.999,
      "macro avg": {
        "precision": 0.999412455934195,
        "recall": 0.9966666666666666,
        "f1-score": 0.9980338144589352,
        "support": 1000.0
      },
      "weighted avg": {
        "precision": 0.9990011750881316,
        "recall": 0.999,
        "f1-score": 0.9989986217039357,
        "support": 1000.0
      }
    },
    "roc_auc": 0.9999450980392157,
    "best_params": {
      "clf__learning_rate": 0.05,
      "clf__max_depth": 6,
      "clf__n_estimators": 200
    }
  }
}